Scenario,Arrival Rate,Avg Occupancy,Max Occupancy,Total Arrived,Total Parked,Total Exited
Low Demand,0.2,0.08722222222222223,0.17777777777777778,43,43,40
Medium Demand,0.4,0.1658888888888889,0.26666666666666666,82,82,71
High Demand,0.6,0.2262222222222222,0.4222222222222222,119,119,106
